# File,Untitled,Sketch,Sketch1
# Arcs,"30.000,-40.000,50.000,1.570796,0.643501,5.000,0,30.000:5.000;25.869:4.810;21.773:4.242;17.746:3.300;13.823:1.992;10.037:0.329;6.419:-1.673;3.000:-4.000"
# View,-1.000000,-0.000000,0.000000,-1.000000,1.0,-1.0
Arc,Circle,X (dia) (mm),Z (mm)
1,1,6.0000,4.0000
1,2,12.8376,1.6734
1,3,20.0734,-0.3295
1,4,27.6464,-1.9918
1,5,35.4927,-3.2995
1,6,43.5459,-4.2416
1,7,51.7381,-4.8100
1,8,60.0000,-5.0000
