# File,Untitled,Sketch,Sketch1
# Arcs,"65.000,-30.000,50.000,2.498092,0.643501,5.000,0,29.000:-3.000;26.673:-6.419;24.671:-10.037;23.008:-13.823;21.700:-17.746;20.758:-21.773;20.190:-25.869;20.000:-30.000"
# View,0.000000,-1.000000,1.000000,0.000000,1.0,-1.0
Arc,Circle,X (dia) (mm),Z (mm)
1,1,58.0000,3.0000
1,2,53.3469,6.4188
1,3,49.3410,10.0367
1,4,46.0164,13.8232
1,5,43.4010,17.7463
1,6,41.5169,21.7729
1,7,40.3800,25.8690
1,8,40.0000,30.0000
