# File,Untitled,Sketch,Sketch3
# Arcs,"29.521,-4.978,29.938,1.199276,1.775272,2.500,39.482:20.588;23.527:21.797;9.611:13.901;2.465:-0.416"
# View,-1.000000,-0.000000,0.000000,-1.000000,1.0,-1.0
Arc,Circle,X (mm),Z (mm)
1,1,2.4652,0.4157
1,2,9.6105,-13.9009
1,3,23.5270,-21.7973
1,4,39.4819,-20.5882
