# File,Untitled,Sketch,Sketch1
# Arcs,"67.362,-34.298,75.592,1.841433,0.829208,2.500,47.822:36.133;33.744:30.603;21.106:22.294;10.448:11.562;2.228:-1.134","53.210,16.713,22.654,0.855192,0.986241,2.500,66.432:31.922;47.822:36.133"
# View,-1.000000,-0.000000,0.000000,-1.000000,1.0,-1.0
Arc,Circle,X (dia) (mm),Z (mm)
1,1,4.4557,1.1343
1,2,20.8965,-11.5616
1,3,42.2115,-22.2939
1,4,67.4880,-30.6028
1,5,95.6436,-36.1326
2,6,95.6436,-36.1326
2,7,132.8640,-31.9224
