# File,Untitled,Sketch,Sketch1
# Arcs,"67.362,-34.298,75.592,1.841433,0.829208,2.500,47.822:36.133;36.463:31.940;25.952:25.931;16.577:18.268;8.596:9.163;2.228:-1.134","53.210,16.713,22.654,0.855192,0.986241,2.500,66.432:31.922;57.657:36.369;47.822:36.133"
# View,-1.000000,-0.000000,0.000000,-1.000000,1.0,-1.0
Arc,Circle,X (dia) (mm),Z (mm)
1,1,4.4557,1.1343
1,2,17.1927,-9.1632
1,3,33.1548,-18.2682
1,4,51.9040,-25.9307
1,5,72.9259,-31.9405
1,6,95.6436,-36.1326
2,7,95.6436,-36.1326
2,8,115.3134,-36.3694
2,9,132.8640,-31.9224
