# File,Untitled,Sketch,Sketch1
# Arcs,"30.000,-65.000,50.000,1.570796,0.643501,5.000,0,30.000:-20.000;25.869:-20.190;21.773:-20.758;17.746:-21.700;13.823:-23.008;10.037:-24.671;6.419:-26.673;3.000:-29.000"
# View,-1.000000,-0.000000,0.000000,-1.000000,1.0,-1.0
Arc,Circle,X (dia) (mm),Z (mm)
1,1,20.0734,24.6705
1,2,27.6464,23.0082
1,3,12.8376,26.6734
1,4,35.4927,21.7005
1,5,6.0000,29.0000
1,6,43.5459,20.7584
1,7,51.7381,20.1900
1,8,60.0000,20.0000
