# File,Untitled,Sketch,Sketch1
# Arcs,"42.560,-9.621,43.634,1.667489,1.251790,1.500,38.492:32.316;25.779:29.027;14.696:21.984;6.319:11.870;1.463:-0.331"
# View,-1.000000,-0.000000,0.000000,-1.000000,1.0,-1.0
Arc,Circle,X (dia) (mm),Z (mm)
1,1,2.9262,0.3307
1,2,12.6383,-11.8703
1,3,29.3913,-21.9837
1,4,51.5577,-29.0270
1,5,76.9843,-32.3162
