# File,Untitled,Sketch,Sketch3
# Arcs,"26.110,-0.792,24.253,3.108916,1.751577,1.500,3.369:-0.049;3.751:-5.006;5.200:-9.762;7.647:-14.090;10.976:-17.783;15.028:-20.664;19.609:-22.597;24.500:-23.489;29.468:-23.296"
# View,1.000000,-0.000000,0.000000,1.000000,1.0,1.0
Arc,Circle,Y (mm),Z (mm)
1,1,3.3694,-0.0490
1,2,3.7508,-5.0062
1,3,5.1999,-9.7621
1,4,7.6473,-14.0898
1,5,10.9763,-17.7826
1,6,15.0279,-20.6641
1,7,19.6087,-22.5969
1,8,24.4999,-23.4885
1,9,29.4680,-23.2965
